stdDate,stdHour,routeNo,routeName,conzoneId,conzoneName,vdsId,trafficAmout,speed,shareRatio,timeAvg,grade,updownTypeCode
20251028,2356,0352,중부선,0352CZS330,대소IC-대소JC,0352VDS04800,18,36,8,67,3,S
20251028,2356,0450,중부내륙선,0450CZS040,영산IC-남지IC,0450VDS01700,12,34,16,99,3,S
20251028,2356,0450,중부내륙선,0450CZS040,영산IC-남지IC,0450VDS01800,12,34,16,99,3,S
20251028,2356,0500,영동선,0500CZS180,여주JC-이천IC,0500VDS07300,9,35,1,96,3,S
20251028,2356,0500,영동선,0500CZS180,여주JC-이천IC,0500VDS07400,9,35,1,96,3,S
20251028,2356,4001,인천김포선,4001CZE110,남청라JC-북청라IC,4001VDE01800,4,38,0,36,3,E

20251106,0111,0352,중부선,0352CZS305,증평IC-오창JC,0352VDS02000,9,28,3,126,3,S
20251106,0111,0352,중부선,0352CZS330,대소IC-대소JC,0352VDS04800,10,19,3,128,3,S
20251106,0111,0450,중부내륙선,0450CZS040,영산IC-남지IC,0450VDS01800,11,39,19,86,3,S
20251106,0111,4001,인천김포선,4001CZE110,남청라JC-북청라IC,4001VDE01800,2,34,0,40,3,E

20251106,0223,0352,중부선,0352CZS305,증평IC-오창JC,0352VDS02000,10,38,4,92,3,S
20251106,0223,0450,중부내륙선,0450CZE180,문경새재IC-연풍IC,0450VDE16309,28,26,49,117,3,E
20251106,0223,0450,중부내륙선,0450CZE180,문경새재IC-연풍IC,0450VDE16400,28,26,49,124,3,E

20251106,0339,0010,경부선,0010CZE350,청주IC-옥산IC,0010VDE24000,3,30,0,136,3,E
20251106,0339,0150,서해안선,0150CZS120,서김제IC-부안IC,0150VDS10100,6,40,6,181,2,S
20251106,0339,0352,중부선,0352CZS305,증평IC-오창JC,0352VDS02000,15,34,6,103,3,S
20251106,0339,0352,중부선,0352CZS330,대소IC-대소JC,0352VDS04800,18,24,8,101,3,S

20251106,0517,0010,경부선,0010CZE350,청주IC-옥산IC,0010VDE24000,7,29,2,142,3,E
20251106,0517,0352,중부선,0352CZS330,대소IC-대소JC,0352VDS04800,6,23,2,106,3,S
20251106,0517,0450,중부내륙선,0450CZE020,칠원JC-칠서IC,0450VDE00600,3,16,2,222,3,E
20251106,0517,0450,중부내륙선,0450CZE180,문경새재IC-연풍IC,0450VDE16309,43,9,91,322,3,E
20251106,0517,0450,중부내륙선,0450CZE180,문경새재IC-연풍IC,0450VDE16400,43,9,91,341,3,E
20251106,0517,0500,영동선,0500CZS180,여주JC-이천IC,0500VDS07300,8,8,1,399,3,S
20251106,0517,0500,영동선,0500CZS180,여주JC-이천IC,0500VDS07400,8,8,1,399,3,S

20251106,0529,0010,경부선,0010CZE350,청주IC-옥산IC,0010VDE24000,4,29,1,142,3,E
20251106,0529,0352,중부선,0352CZS355,호법JC-남이천IC,0352VDS06800,19,22,6,219,3,S
20251106,0529,0450,중부내륙선,0450CZE020,칠원JC-칠서IC,0450VDE00600,2,17,10,200,3,E
20251106,0529,0450,중부내륙선,0450CZE180,문경새재IC-연풍IC,0450VDE16309,98,5,97,605,3,E
20251106,0529,0450,중부내륙선,0450CZE180,문경새재IC-연풍IC,0450VDE16400,98,5,97,641,3,E
20251106,0529,0552,대구부산선,0552CZS090,청도IC-밀양JC,0552VDS01470,11,20,23,120,3,S
20251106,0529,4001,인천김포선,4001CZE110,남청라JC-북청라IC,4001VDE01800,5,29,1,47,3,E

20251106,0625,0010,경부선,0010CZE505,금토JC-양재IC,0010VDE32350,71,23,2,190,3,E
20251106,0625,0153,평택시흥선,0153CZS030,남안산JC-송산마도IC,0153VDS00270,34,35,27,136,3,S
20251106,0625,0153,평택시흥선,0153CZS030,남안산JC-송산마도IC,0153VDS00280,35,27,32,129,3,S
20251106,0625,0153,평택시흥선,0153CZS035,남안산IC-남안산JC,0153VDS00290,20,16,40,188,3,S
20251106,0625,0153,평택시흥선,0153CZS035,남안산IC-남안산JC,0153VDS00300,20,16,40,205,3,S
20251106,0625,0251,호남선,0251CZS130,서광주IC-용봉IC,0251VDS07600,21,20,29,228,3,S
20251106,0625,0251,호남선,0251CZS140,동림IC-서광주IC,0251VDS07800,22,11,26,683,3,S
20251106,0625,0352,중부선,0352CZS330,대소IC-대소JC,0352VDS04800,24,36,12,67,3,S
20251106,0625,0352,중부선,0352CZS355,호법JC-남이천IC,0352VDS07000,17,8,65,651,3,S
20251106,0625,0450,중부내륙선,0450CZE180,문경새재IC-연풍IC,0450VDE16309,54,9,98,319,3,E
20251106,0625,0450,중부내륙선,0450CZE180,문경새재IC-연풍IC,0450VDE16400,54,9,98,337,3,E
20251106,0625,0500,영동선,0500CZE190,여주JC-여주IC,0500VDE08100,3,34,15,124,3,E
20251106,0625,0500,영동선,0500CZE190,여주JC-여주IC,0500VDE08200,3,34,15,129,3,E
20251106,0625,0552,대구부산선,0552CZS090,청도IC-밀양JC,0552VDS01470,17,7,61,350,3,S
20251106,0625,0552,대구부산선,0552CZS090,청도IC-밀양JC,0552VDS01480,13,8,25,367,3,S
20251106,0625,1201,신월여의지하도로,1201CZE010,신월IC-여의도JC,1201VDE00020,24,9,21,338,3,E
20251106,0625,1201,신월여의지하도로,1201CZE010,신월IC-여의도JC,1201VDE00030,36,30,21,119,3,E
20251106,0625,1201,신월여의지하도로,1201CZE010,신월IC-여의도JC,1201VDE00040,35,19,32,183,3,E
20251106,0625,1201,신월여의지하도로,1201CZE010,신월IC-여의도JC,1201VDE00050,38,23,11,142,3,E
20251106,0625,1201,신월여의지하도로,1201CZE010,신월IC-여의도JC,1201VDE00060,38,23,27,139,3,E
20251106,0625,1201,신월여의지하도로,1201CZE010,신월IC-여의도JC,1201VDE00070,40,34,20,84,3,E
20251106,0625,4001,인천김포선,4001CZE110,남청라JC-북청라IC,4001VDE01800,13,29,3,47,3,E

20251106,0827,0010,경부선,0010CZE350,청주IC-옥산IC,0010VDE24000,2,31,0,129,3,E
20251106,0827,0010,경부선,0010CZE450,수원신갈IC-신갈JC,0010VDE30400,91,38,16,91,3,E
20251106,0827,0010,경부선,0010CZE460,신갈JC-서울TG,0010VDE30600,39,29,12,75,3,E
20251106,0827,0010,경부선,0010CZE460,신갈JC-서울TG,0010VDE30646,99,31,13,103,3,E
20251106,0827,0010,경부선,0010CZE460,신갈JC-서울TG,0010VDE30900,63,31,16,129,3,E
20251106,0827,0010,경부선,0010CZE505,금토JC-양재IC,0010VDE32350,57,11,3,396,3,E
20251106,0827,0150,서해안선,0150CZE370,광명역IC-일직JC,0150VDE29010,60,37,41,101,3,E
20251106,0827,0150,서해안선,0150CZE380,일직JC-금천IC,0150VDE29410,37,14,40,156,3,E
20251106,0827,0150,서해안선,0150CZS305,비봉IC-팔탄JC,0150VDS27400,24,19,40,194,3,S
20251106,0827,0150,서해안선,0150CZS305,비봉IC-팔탄JC,0150VDS27500,24,19,40,333,3,S
20251106,0827,0153,평택시흥선,0153CZS030,남안산JC-송산마도IC,0153VDS00280,27,22,35,159,3,S
20251106,0827,0153,평택시흥선,0153CZS035,남안산IC-남안산JC,0153VDS00290,30,26,40,116,3,S
20251106,0827,0153,평택시흥선,0153CZS035,남안산IC-남안산JC,0153VDS00300,30,26,40,127,3,S
20251106,0827,0153,평택시흥선,0153CZS035,남안산IC-남안산JC,0153VDS00310,30,21,29,256,3,S
20251106,0827,0170,평택화성선,0170CZS050,서오산JC-향남IC,0170VDS00018,63,31,28,110,3,S
20251106,0827,0170,평택화성선,0170CZS050,서오산JC-향남IC,0170VDS00019,33,16,34,126,3,S
20251106,0827,0170,평택화성선,0170CZS080,봉담IC-봉담TG,0170VDS00027,53,23,27,126,3,S
20251106,0827,0170,평택화성선,0170CZS080,봉담IC-봉담TG,0170VDS00028,46,14,45,195,3,S
20251106,0827,0170,평택화성선,0170CZS110,금곡IC-봉담IC,0170VDS00040,32,18,36,100,3,S
20251106,0827,0170,평택화성선,0170CZS110,금곡IC-봉담IC,0170VDS00050,32,18,36,177,3,S
20251106,0827,0170,평택화성선,0170CZS130,남군포IC-동안산IC,0170VDS00150,46,30,31,78,3,S
20251106,0827,0170,평택화성선,0170CZS130,남군포IC-동안산IC,0170VDS00160,53,40,33,50,2,S
20251106,0827,0170,평택화성선,0170CZS140,동시흥JC-남군포IC,0170VDS00170,52,32,27,145,3,S
20251106,0827,0172,서울문산선,0172CZE060,북고양IC-금촌IC,0172VDE01600,45,25,0,76,3,E
20251106,0827,0173,서울문산지선,0173CZS010,봉대산JC-남고양IC,0173VDS00100,7,7,0,347,3,S
20251106,0827,0251,호남선,0251CZS140,동림IC-서광주IC,0251VDS07800,38,28,36,280,3,S
20251106,0827,0252,논산천안선,0252CZS080,남풍세IC-정안IC,0252VDS18980,39,40,25,40,2,S
20251106,0827,0252,논산천안선,0252CZS080,남풍세IC-정안IC,0252VDS19020,45,36,27,93,3,S
20251106,0827,0252,논산천안선,0252CZS080,남풍세IC-정안IC,0252VDS19030,41,40,23,85,2,S
20251106,0827,0252,논산천안선,0252CZS080,남풍세IC-정안IC,0252VDS19040,38,38,43,104,3,S
20251106,0827,0290,세종포천선,0290CZE170,소흘IC-소흘JC,0290VDE03100,70,39,32,160,3,E
20251106,0827,0290,세종포천선,0290CZE170,소흘IC-소흘JC,0290VDE03200,70,39,32,102,3,E
20251106,0827,0290,세종포천선,0290CZE050,북용인JC-북용인IC,0290VDE09000,26,19,12,136,3,E
20251106,0827,0290,세종포천선,0290CZS100,강동고덕IC-초이IC,0290VDS12100,35,35,8,77,3,S
20251106,0827,0450,중부내륙선,0450CZE180,문경새재IC-연풍IC,0450VDE16309,32,11,98,261,3,E
20251106,0827,0450,중부내륙선,0450CZE180,문경새재IC-연풍IC,0450VDE16400,32,11,98,277,3,E
20251106,0827,0500,영동선,0500CZE100,북수원IC-동수원IC,0500VDE03000,54,20,0,166,3,E
20251106,0827,0500,영동선,0500CZE100,북수원IC-동수원IC,0500VDE03100,54,20,0,192,3,E
20251106,0827,1000,수도권제1순환선,1000CZE160,의정부IC-송추IC,1000VDE03621,96,33,24,76,3,E
20251106,0827,1000,수도권제1순환선,1000CZE160,의정부IC-송추IC,1000VDE03622,94,35,26,43,3,E
20251106,0827,1000,수도권제1순환선,1000CZE160,의정부IC-송추IC,1000VDE03628,94,40,23,43,2,E
20251106,0827,1000,수도권제1순환선,1000CZE280,중동IC-송내IC,1000VDE04800,81,34,31,209,3,E
20251106,0827,1000,수도권제1순환선,1000CZE350,조남JC-산본IC,1000VDE06261,18,15,8,134,3,E
20251106,0827,1000,수도권제1순환선,1000CZE350,조남JC-산본IC,1000VDE06300,85,32,25,60,3,E
20251106,0827,1000,수도권제1순환선,1000CZE350,조남JC-산본IC,1000VDE06361,85,32,25,109,3,E
20251106,0827,1000,수도권제1순환선,1000CZE350,조남JC-산본IC,1000VDE06362,85,32,25,82,3,E
20251106,0827,1000,수도권제1순환선,1000CZE380,학의JC-청계TG,1000VDE06900,56,12,43,202,3,E
20251106,0827,1000,수도권제1순환선,1000CZS030,송파IC-성남TG,1000VDS01000,82,19,33,160,3,S
20251106,0827,1000,수도권제1순환선,1000CZS090,구리TG-토평IC,1000VDS02800,81,40,28,43,2,S
20251106,0827,1000,수도권제1순환선,1000CZS110,구리IC-남양주IC,1000VDS03100,25,27,16,62,3,S
20251106,0827,1000,수도권제1순환선,1000CZS110,구리IC-남양주IC,1000VDS03200,68,17,40,164,3,S
20251106,0827,1000,수도권제1순환선,1000CZS110,구리IC-남양주IC,1000VDS03300,68,17,40,129,3,S
20251106,0827,1000,수도권제1순환선,1000CZS150,의정부IC-별내IC,1000VDS03618,65,21,28,108,3,S
20251106,0827,1000,수도권제1순환선,1000CZS160,송추IC-의정부IC,1000VDS03619,96,33,25,147,3,S
20251106,0827,1000,수도권제1순환선,1000CZS280,송내IC-중동IC,1000VDS04800,76,28,34,257,3,S
20251106,0827,1100,제2경인선,1100CZE030,문학IC-남동IC,1100VDE00700,29,32,20,77,3,E
20251106,0827,1100,제2경인선,1100CZE090,광명IC-일직JC,1100VDE01802,61,27,0,119,3,E
20251106,0827,1100,제2경인선,1100CZE180,삼막IC-북의왕IC,1100VDE02800,51,21,35,119,3,E
20251106,0827,1100,제2경인선,1100CZE180,삼막IC-북의왕IC,1100VDE02900,62,36,21,32,3,E
20251106,0827,1100,제2경인선,1100CZE180,삼막IC-북의왕IC,1100VDE03100,54,22,38,57,3,E
20251106,0827,1100,제2경인선,1100CZE180,삼막IC-북의왕IC,1100VDE03200,37,13,50,101,3,E
20251106,0827,1100,제2경인선,1100CZE180,삼막IC-북의왕IC,1100VDE03300,44,16,35,92,3,E
20251106,0827,1100,제2경인선,1100CZE180,삼막IC-북의왕IC,1100VDE03400,51,21,35,62,3,E
20251106,0827,1100,제2경인선,1100CZE180,삼막IC-북의왕IC,1100VDE03500,54,17,41,67,3,E
20251106,0827,1100,제2경인선,1100CZE180,삼막IC-북의왕IC,1100VDE03600,50,17,37,70,3,E
20251106,0827,1100,제2경인선,1100CZE180,삼막IC-북의왕IC,1100VDE03700,56,22,32,68,3,E
20251106,0827,1100,제2경인선,1100CZE180,삼막IC-북의왕IC,1100VDE03800,52,22,34,67,3,E
20251106,0827,1100,제2경인선,1100CZE180,삼막IC-북의왕IC,1100VDE03900,59,24,30,61,3,E
20251106,0827,1100,제2경인선,1100CZE180,삼막IC-북의왕IC,1100VDE04000,64,35,23,44,3,E
20251106,0827,1100,제2경인선,1100CZE180,삼막IC-북의왕IC,1100VDE04100,53,18,38,252,3,E
20251106,0827,1100,제2경인선,1100CZE190,북의왕IC-북청계IC,1100VDE04200,55,26,26,275,3,E
20251106,0827,1100,제2경인선,1100CZE200,북청계IC-동판교IC,1100VDE04300,48,31,22,118,3,E
20251106,0827,1100,제2경인선,1100CZE200,북청계IC-동판교IC,1100VDE04500,65,37,23,35,3,E
20251106,0827,1100,제2경인선,1100CZE200,북청계IC-동판교IC,1100VDE04600,65,36,24,38,3,E
20251106,0827,1100,제2경인선,1100CZE200,북청계IC-동판교IC,1100VDE04700,65,38,23,36,3,E
20251106,0827,1200,경인선,1200CZS050,인천TG-부평IC,1200VDS01500,84,25,40,159,3,S
20251106,0827,1200,경인선,1200CZS050,인천TG-부평IC,1200VDS01600,84,25,40,168,3,S
20251106,0827,1201,신월여의지하도로,1201CZE010,신월IC-여의도JC,1201VDE00010,48,28,25,185,3,E
20251106,0827,1201,신월여의지하도로,1201CZE010,신월IC-여의도JC,1201VDE00020,39,17,16,187,3,E
20251106,0827,1201,신월여의지하도로,1201CZE010,신월IC-여의도JC,1201VDE00030,44,38,20,94,3,E
20251106,0827,1201,신월여의지하도로,1201CZE010,신월IC-여의도JC,1201VDE00040,47,31,26,112,3,E
20251106,0827,1201,신월여의지하도로,1201CZE010,신월IC-여의도JC,1201VDE00050,40,31,9,105,3,E
20251106,0827,1201,신월여의지하도로,1201CZE010,신월IC-여의도JC,1201VDE00070,45,40,19,72,2,E
20251106,0827,1710,용인서울선,1710CZE060,광교IC-서수지IC,1710VDE00050,46,16,38,330,3,E
20251106,0827,1710,용인서울선,1710CZE080,서수지TG-고기터널남측,1710VDE00070,55,24,30,317,3,E
20251106,0827,1710,용인서울선,1710CZE090,고기터널남측-고기터널북측,1710VDE00080,79,30,27,29,3,E
20251106,0827,1710,용인서울선,1710CZE090,고기터널남측-고기터널북측,1710VDE00090,70,32,25,70,3,E
20251106,0827,1710,용인서울선,1710CZE110,고기JC남측-고기JC북측,1710VDE00100,56,18,32,76,3,E
20251106,0827,1710,용인서울선,1710CZE130,하산운터널남측-하산운터널북측,1710VDE00110,74,31,26,23,3,E
20251106,0827,1710,용인서울선,1710CZS070,서수지TG-서수지IC,1710VDS00060,75,28,27,114,3,S
20251106,0827,1710,용인서울선,1710CZS110,고기JC북측-고기JC남측,1710VDS00100,46,24,21,123,3,S
20251106,0827,2510,호남지선,2510CZE040,서대전JC-유성IC,2510VDE04300,26,26,16,191,3,E
20251106,0827,4000,봉담동탄선,4000CZS010,북오산IC-서오산JC,4000VDS00001,37,22,38,208,3,S
20251106,0827,4000,봉담동탄선,4000CZS010,북오산IC-서오산JC,4000VDS00002,34,19,32,208,3,S
20251106,0827,4000,봉담동탄선,4000CZS010,북오산IC-서오산JC,4000VDS00003,33,19,36,168,3,S
20251106,0827,4000,봉담동탄선,4000CZS010,북오산IC-서오산JC,4000VDS00004,21,9,54,326,3,S
20251106,0827,4000,봉담동탄선,4000CZS010,북오산IC-서오산JC,4000VDS00005,32,23,31,117,3,S
20251106,0827,4001,인천김포선,4001CZE110,남청라JC-북청라IC,4001VDE01800,16,28,2,48,3,E
20251106,0827,4001,인천김포선,4001CZS100,남청라JC-시점,4001VDS00100,12,9,68,540,3,S
20251106,0827,4004,화성광주선,4004CZE020,동탄IC-서용인IC,4004VDE00400,39,35,21,157,3,E
20251106,0827,4004,화성광주선,4004CZE020,동탄IC-서용인IC,4004VDE00500,38,30,26,56,3,E
20251106,0827,4004,화성광주선,4004CZE020,동탄IC-서용인IC,4004VDE00600,42,22,33,75,3,E

20251106,1137,0010,경부선,0010CZE350,청주IC-옥산IC,0010VDE24000,6,29,1,138,3,E
20251106,1137,0010,경부선,0010CZE505,금토JC-양재IC,0010VDE32350,30,13,7,339,3,E
20251106,1137,0150,서해안선,0150CZE315,매송IC-팔곡JC,0150VDE28071,49,31,0,120,3,E
20251106,1137,0150,서해안선,0150CZE315,매송IC-팔곡JC,0150VDE28081,49,31,0,86,3,E
20251106,1137,0150,서해안선,0150CZS305,비봉IC-팔탄JC,0150VDS27400,65,40,21,93,2,S
20251106,1137,0150,서해안선,0150CZS305,비봉IC-팔탄JC,0150VDS27500,65,40,21,160,2,S
20251106,1137,0153,평택시흥선,0153CZE010,서평택JC-조암IC,0153VDE00010,3,6,37,857,3,E
20251106,1137,0153,평택시흥선,0153CZS030,남안산JC-송산마도IC,0153VDS00220,31,40,3,108,2,S
20251106,1137,0153,평택시흥선,0153CZS030,남안산JC-송산마도IC,0153VDS00230,31,40,3,67,2,S
20251106,1137,0153,평택시흥선,0153CZS030,남안산JC-송산마도IC,0153VDS00280,28,23,39,152,3,S
20251106,1137,0153,평택시흥선,0153CZS035,남안산IC-남안산JC,0153VDS00290,23,20,61,147,3,S
20251106,1137,0153,평택시흥선,0153CZS035,남안산IC-남안산JC,0153VDS00300,23,20,61,161,3,S
20251106,1137,0153,평택시흥선,0153CZS035,남안산IC-남안산JC,0153VDS00310,28,18,39,288,3,S
20251106,1137,0170,평택화성선,0170CZS040,향남IC-북평택TG,0170VDS00007,37,27,24,145,3,S
20251106,1137,0170,평택화성선,0170CZS040,향남IC-북평택TG,0170VDS00008,37,27,24,132,3,S
20251106,1137,0175,익산평택선,0175CZS020,청양IC-부여JC,0175VDS01100,23,10,35,457,3,S
20251106,1137,0252,논산천안선,0252CZE020,연무IC-서논산IC,0252VDE18360,39,33,33,167,3,E
20251106,1137,0252,논산천안선,0252CZE030,서논산IC-탄천IC,0252VDE18380,26,10,84,280,3,E
20251106,1137,0252,논산천안선,0252CZE030,서논산IC-탄천IC,0252VDE18390,22,18,55,139,3,E
20251106,1137,0252,논산천안선,0252CZE030,서논산IC-탄천IC,0252VDE18400,12,20,47,170,3,E
20251106,1137,0252,논산천안선,0252CZS070,정안IC-북공주JC,0252VDS18750,33,16,56,181,3,S
20251106,1137,0252,논산천안선,0252CZS070,정안IC-북공주JC,0252VDS18760,32,10,84,260,3,S
20251106,1137,0252,논산천안선,0252CZS080,남풍세IC-정안IC,0252VDS18980,30,36,32,44,3,S
20251106,1137,0252,논산천안선,0252CZS080,남풍세IC-정안IC,0252VDS19000,30,27,43,90,3,S
20251106,1137,0290,세종포천선,0290CZE200,포천IC-신북IC,0290VDE04400,11,13,20,201,3,E
20251106,1137,0351,통영대전선,0351CZE070,서진주IC-단성IC,0351VDE05800,16,11,37,516,3,E
20251106,1137,0351,통영대전선,0351CZE070,서진주IC-단성IC,0351VDE06000,16,11,37,500,3,E
20251106,1137,0352,중부선,0352CZS355,호법JC-남이천IC,0352VDS07000,33,16,10,311,3,S
20251106,1137,0352,중부선,0352CZS383,곤지암IC-곤지암JC,0352VDS07800,19,7,43,659,3,S
20251106,1137,0352,중부선,0352CZS383,곤지암IC-곤지암JC,0352VDS07900,22,11,34,402,3,S
20251106,1137,0352,중부선,0352CZS383,곤지암IC-곤지암JC,0352VDS08000,22,11,34,499,3,S
20251106,1137,0400,평택제천선,0400CZE070,남안성IC-남안성JC,0400VDE03800,17,12,55,520,3,E
20251106,1137,0400,평택제천선,0400CZE070,남안성IC-남안성JC,0400VDE04000,17,12,55,461,3,E
20251106,1137,0400,평택제천선,0400CZE070,남안성IC-남안성JC,0400VDE04100,17,12,55,377,3,E
20251106,1137,0400,평택제천선,0400CZE075,남안성JC-북진천IC,0400VDE04300,42,28,37,144,3,E
20251106,1137,0400,평택제천선,0400CZE075,남안성JC-북진천IC,0400VDE04751,39,33,31,211,3,E
20251106,1137,0400,평택제천선,0400CZE075,남안성JC-북진천IC,0400VDE04801,39,33,31,211,3,E
20251106,1137,0450,중부내륙선,0450CZE180,문경새재IC-연풍IC,0450VDE16309,20,39,49,77,3,E
20251106,1137,0450,중부내륙선,0450CZE180,문경새재IC-연풍IC,0450VDE16400,20,39,49,81,3,E
20251106,1137,0450,중부내륙선,0450CZS230,여주JC-감곡IC,0450VDS21600,48,35,42,117,3,S
20251106,1137,0450,중부내륙선,0450CZS230,여주JC-감곡IC,0450VDS21700,49,30,43,130,3,S
20251106,1137,0500,영동선,0500CZE140,용인IC-용인JC,0500VDE04750,55,23,12,359,3,E
20251106,1137,0500,영동선,0500CZE200,여주IC-문막IC,0500VDE08700,28,12,40,314,3,E
20251106,1137,0500,영동선,0500CZE200,여주IC-문막IC,0500VDE08800,21,9,34,514,3,E
20251106,1137,0500,영동선,0500CZE240,새말IC-둔내IC,0500VDE13800,21,38,20,173,3,E
20251106,1137,0520,광주원주선,0520CZE090,경기광주JC-곤지암1터널,0520VDE00100,38,25,27,413,3,E
20251106,1137,0600,서울양양선,0600CZE040,덕소삼패IC-남양주TG,0600VDE00003,59,32,38,130,3,E
20251106,1137,0600,서울양양선,0600CZS070,설악IC-서종IC,0600VDS00015,29,22,30,108,3,S
20251106,1137,0600,서울양양선,0600CZS070,설악IC-서종IC,0600VDS00016,29,22,30,149,3,S
20251106,1137,0600,서울양양선,0600CZS070,설악IC-서종IC,0600VDS00017,20,22,26,163,3,S
20251106,1137,0600,서울양양선,0600CZS070,설악IC-서종IC,0600VDS00018,20,22,26,152,3,S
20251106,1137,1100,제2경인선,1100CZE030,문학IC-남동IC,1100VDE00500,76,26,5,101,3,E
20251106,1137,1100,제2경인선,1100CZE030,문학IC-남동IC,1100VDE00570,76,26,5,61,3,E
20251106,1137,3010,상주영천선,3010CZS040,군위JCT-서군위IC,3010VDS03800,25,17,58,195,3,S
20251106,1137,3010,상주영천선,3010CZS040,군위JCT-서군위IC,3010VDS03900,25,17,58,212,3,S
20251106,1137,3010,상주영천선,3010CZS040,군위JCT-서군위IC,3010VDS04000,19,16,41,221,3,S
20251106,1137,3010,상주영천선,3010CZS040,군위JCT-서군위IC,3010VDS04100,16,15,48,238,3,S
20251106,1137,4001,인천김포선,4001CZE110,남청라JC-북청라IC,4001VDE01800,22,29,4,48,3,E

20251106,1315,0150,서해안선,0150CZS030,무안IC-목포TG,0150VDS01900,14,27,5,334,3,S
20251106,1315,0153,평택시흥선,0153CZE030,송산마도IC-남안산JC,0153VDE00230,25,28,7,97,3,E
20251106,1315,0153,평택시흥선,0153CZE030,송산마도IC-남안산JC,0153VDE00240,25,28,7,106,3,E
20251106,1315,0252,논산천안선,0252CZS030,탄천IC-서논산IC,0252VDS18370,4,40,24,61,2,S
20251106,1315,0252,논산천안선,0252CZS030,탄천IC-서논산IC,0252VDS18380,22,17,66,172,3,S
20251106,1315,0252,논산천안선,0252CZS030,탄천IC-서논산IC,0252VDS18390,27,12,83,199,3,S
20251106,1315,0252,논산천안선,0252CZS030,탄천IC-서논산IC,0252VDS18400,33,23,41,148,3,S
20251106,1315,0352,중부선,0352CZS383,곤지암IC-곤지암JC,0352VDS07800,18,14,16,351,3,S
20251106,1315,0352,중부선,0352CZS383,곤지암IC-곤지암JC,0352VDS07900,18,19,17,231,3,S
20251106,1315,0352,중부선,0352CZS383,곤지암IC-곤지암JC,0352VDS08000,18,19,17,286,3,S
20251106,1315,0450,중부내륙선,0450CZS230,여주JC-감곡IC,0450VDS21700,21,22,36,179,3,S
20251106,1315,0500,영동선,0500CZE180,이천IC-여주JC,0500VDE07200,82,27,46,170,3,E
20251106,1315,0500,영동선,0500CZE180,이천IC-여주JC,0500VDE07300,82,27,46,122,3,E
20251106,1315,0552,대구부산선,0552CZS070,남밀양IC-삼랑진IC,0552VDS01040,22,33,13,78,3,S
20251106,1315,0552,대구부산선,0552CZS070,남밀양IC-삼랑진IC,0552VDS01050,22,33,13,100,3,S
20251106,1315,3010,상주영천선,3010CZS040,군위JCT-서군위IC,3010VDS03800,17,11,67,298,3,S
20251106,1315,3010,상주영천선,3010CZS040,군위JCT-서군위IC,3010VDS03900,17,11,67,323,3,S
20251106,1315,3010,상주영천선,3010CZS040,군위JCT-서군위IC,3010VDS04000,19,14,55,258,3,S
20251106,1315,4001,인천김포선,4001CZE110,남청라JC-북청라IC,4001VDE01800,13,30,2,46,3,E

20251106,1425,0010,경부선,0010CZE350,청주IC-옥산IC,0010VDE24000,5,29,1,142,3,E
20251106,1425,0100,남해선(순천-부산),0100CZE210,창원1터널(서측) - 창원1터널(동측),0100VDE10604,46,37,30,82,3,E
20251106,1425,0150,서해안선,0150CZE380,일직JC-금천IC,0150VDE29410,25,27,35,84,3,E
20251106,1425,0153,평택시흥선,0153CZE020,조암IC-마도JC,0153VDE00150,29,29,6,152,3,E
20251106,1425,0153,평택시흥선,0153CZE025,마도JC-송산마도IC,0153VDE00160,33,29,5,89,3,E
20251106,1425,0153,평택시흥선,0153CZE025,마도JC-송산마도IC,0153VDE00170,31,37,29,95,3,E
20251106,1425,0153,평택시흥선,0153CZE030,송산마도IC-남안산JC,0153VDE00220,22,13,13,327,3,E
20251106,1425,0153,평택시흥선,0153CZE030,송산마도IC-남안산JC,0153VDE00230,34,33,4,81,3,E
20251106,1425,0153,평택시흥선,0153CZE030,송산마도IC-남안산JC,0153VDE00240,34,33,4,88,3,E
20251106,1425,0170,평택화성선,0170CZE050,향남IC-서오산JC,0170VDE00016,37,33,17,113,3,E
20251106,1425,0170,평택화성선,0170CZE120,금곡IC-동안산IC,0170VDE00120,43,28,26,140,3,E
20251106,1425,0252,논산천안선,0252CZS030,탄천IC-서논산IC,0252VDS18370,21,27,16,89,3,S
20251106,1425,0252,논산천안선,0252CZS030,탄천IC-서논산IC,0252VDS18380,22,12,78,239,3,S
20251106,1425,0252,논산천안선,0252CZS030,탄천IC-서논산IC,0252VDS18390,13,11,97,221,3,S
20251106,1425,0252,논산천안선,0252CZS030,탄천IC-서논산IC,0252VDS18400,26,16,64,209,3,S
20251106,1425,0252,논산천안선,0252CZS030,탄천IC-서논산IC,0252VDS18410,25,17,60,182,3,S
20251106,1425,0252,논산천안선,0252CZS030,탄천IC-서논산IC,0252VDS18420,29,18,53,171,3,S
20251106,1425,0370,제2중부선,0370CZE050,천진암교-산곡JC,0370VDE02300,31,30,23,193,3,E
20251106,1425,0370,제2중부선,0370CZE050,천진암교-산곡JC,0370VDE02400,44,40,18,58,2,E
20251106,1425,0450,중부내륙선,0450CZE180,문경새재IC-연풍IC,0450VDE16309,62,18,85,166,3,E
20251106,1425,0450,중부내륙선,0450CZE180,문경새재IC-연풍IC,0450VDE16400,62,18,85,176,3,E
20251106,1425,0500,영동선,0500CZE180,이천IC-여주JC,0500VDE07200,34,10,9,467,3,E
20251106,1425,0500,영동선,0500CZE180,이천IC-여주JC,0500VDE07300,34,10,9,336,3,E
20251106,1425,0500,영동선,0500CZS280,진부IC-속사IC,0500VDS16508,16,27,10,126,3,S
20251106,1425,0500,영동선,0500CZS280,진부IC-속사IC,0500VDS16602,16,27,10,114,3,S
20251106,1425,1000,수도권제1순환선,1000CZS300,시흥IC-장수IC,1000VDS05000,44,26,14,72,3,S
20251106,1425,1000,수도권제1순환선,1000CZS300,시흥IC-장수IC,1000VDS05050,44,26,14,24,3,S
20251106,1425,1000,수도권제1순환선,1000CZS300,시흥IC-장수IC,1000VDS05100,48,16,31,345,3,S
20251106,1425,1000,수도권제1순환선,1000CZS300,시흥IC-장수IC,1000VDS05200,48,16,31,315,3,S
20251106,1425,1100,제2경인선,1100CZE030,문학IC-남동IC,1100VDE00600,53,26,29,107,3,E
20251106,1425,1100,제2경인선,1100CZE030,문학IC-남동IC,1100VDE00700,53,26,29,93,3,E
20251106,1425,1730,익산평택지선,1730CZE020,포승IC-포승JC,1730VDE00400,24,29,21,244,3,E
20251106,1425,4001,인천김포선,4001CZE110,남청라JC-북청라IC,4001VDE01800,17,27,4,50,3,E

20251106,1539,0010,경부선,0010CZE385,북천안IC-안성IC,0010VDE27300,73,29,38,168,3,E
20251106,1539,0010,경부선,0010CZE385,북천안IC-안성IC,0010VDE27400,44,25,18,195,3,E
20251106,1539,0150,서해안선,0150CZE265,송악IC-포승JC,0150VDE24700,15,19,6,202,3,E
20251106,1539,0150,서해안선,0150CZE265,송악IC-포승JC,0150VDE24800,33,25,7,140,3,E
20251106,1539,0150,서해안선,0150CZE265,송악IC-포승JC,0150VDE24900,32,22,9,171,3,E
20251106,1539,0150,서해안선,0150CZE370,광명역IC-일직JC,0150VDE29010,46,38,33,99,3,E
20251106,1539,0150,서해안선,0150CZE380,일직JC-금천IC,0150VDE29410,23,29,29,79,3,E
20251106,1539,0150,서해안선,0150CZS090,선운산IC-고창IC,0150VDS07200,21,32,13,159,3,S
20251106,1539,0153,평택시흥선,0153CZE020,조암IC-마도JC,0153VDE00130,37,39,25,87,3,E
20251106,1539,0153,평택시흥선,0153CZE020,조암IC-마도JC,0153VDE00150,35,25,6,177,3,E
20251106,1539,0153,평택시흥선,0153CZE025,마도JC-송산마도IC,0153VDE00160,21,17,10,150,3,E
20251106,1539,0153,평택시흥선,0153CZE025,마도JC-송산마도IC,0153VDE00170,31,22,38,159,3,E
20251106,1539,0153,평택시흥선,0153CZE030,송산마도IC-남안산JC,0153VDE00220,46,33,3,132,3,E
20251106,1539,0153,평택시흥선,0153CZE030,송산마도IC-남안산JC,0153VDE00230,35,21,5,129,3,E
20251106,1539,0153,평택시흥선,0153CZE030,송산마도IC-남안산JC,0153VDE00240,35,21,5,141,3,E
20251106,1539,0170,평택화성선,0170CZE010,오성IC-평택JC,0170VDE00001,38,29,16,182,3,E
20251106,1539,0170,평택화성선,0170CZE040,북평택TG-향남IC,0170VDE00012,38,29,22,114,3,E
20251106,1539,0170,평택화성선,0170CZE050,향남IC-서오산JC,0170VDE00014,48,20,28,129,3,E
20251106,1539,0170,평택화성선,0170CZE050,향남IC-서오산JC,0170VDE00016,48,33,18,113,3,E
20251106,1539,0170,평택화성선,0170CZE050,향남IC-서오산JC,0170VDE00018,28,35,14,95,3,E
20251106,1539,0170,평택화성선,0170CZE130,동안산IC-남군포IC,0170VDE00130,45,31,43,69,3,E
20251106,1539,0170,평택화성선,0170CZE130,동안산IC-남군포IC,0170VDE00140,45,38,21,57,3,E
20251106,1539,0252,논산천안선,0252CZE040,탄천IC-남공주IC,0252VDE18490,45,38,27,94,3,E
20251106,1539,0252,논산천안선,0252CZE040,탄천IC-남공주IC,0252VDE18500,36,28,40,114,3,E
20251106,1539,0252,논산천안선,0252CZE040,탄천IC-남공주IC,0252VDE18520,37,33,30,103,3,E
20251106,1539,0252,논산천안선,0252CZE040,탄천IC-남공주IC,0252VDE18570,19,12,84,223,3,E
20251106,1539,0252,논산천안선,0252CZE040,탄천IC-남공주IC,0252VDE18580,18,9,87,281,3,E
20251106,1539,0352,중부선,0352CZE310,증평IC-진천IC,0352VDE02200,37,21,27,79,3,E
20251106,1539,0352,중부선,0352CZE400,경기광주IC-산곡JC,0352VDE09300,42,33,21,164,3,E
20251106,1539,0352,중부선,0352CZE400,경기광주IC-산곡JC,0352VDE09400,42,33,21,113,3,E
20251106,1539,0352,중부선,0352CZS350,남이천IC-일죽IC,0352VDS06100,41,34,4,164,3,S
20251106,1539,0400,평택제천선,0400CZE090,대소JC-금왕꽃동네IC,0400VDE05700,14,11,52,467,3,E
20251106,1539,0400,평택제천선,0400CZS075,북진천IC-남안성JC,0400VDS04700,16,9,73,907,3,S
20251106,1539,0400,평택제천선,0400CZS075,북진천IC-남안성JC,0400VDS04752,28,17,31,409,3,S
20251106,1539,0400,평택제천선,0400CZS075,북진천IC-남안성JC,0400VDS04801,28,17,31,388,3,S
20251106,1539,0500,영동선,0500CZE180,이천IC-여주JC,0500VDE07200,78,32,8,147,3,E
20251106,1539,0500,영동선,0500CZE180,이천IC-여주JC,0500VDE07300,78,32,8,106,3,E
20251106,1539,0500,영동선,0500CZS020,군자JC-월곶JC,0500VDS00500,16,15,6,692,3,S
20251106,1539,0500,영동선,0500CZS060,둔대JC-안산JC,0500VDS01600,61,35,0,71,3,S
20251106,1539,0500,영동선,0500CZS060,둔대JC-안산JC,0500VDS01651,61,35,0,66,3,S
20251106,1539,0500,영동선,0500CZS100,동수원IC-북수원IC,0500VDS03000,42,25,0,68,3,S
20251106,1539,0500,영동선,0500CZS100,동수원IC-북수원IC,0500VDS03100,42,25,0,157,3,S
20251106,1539,0520,광주원주선,0520CZS100,동곤지암IC-곤지암1터널,0520VDS00800,36,32,19,98,3,S
20251106,1539,0520,광주원주선,0520CZS100,동곤지암IC-곤지암1터널,0520VDS00900,29,22,30,93,3,S
20251106,1539,0520,광주원주선,0520CZS110,흥천이포IC-동곤지암IC,0520VDS01000,34,25,22,155,3,S
20251106,1539,0520,광주원주선,0520CZS110,흥천이포IC-동곤지암IC,0520VDS01100,22,17,46,179,3,S
20251106,1539,0520,광주원주선,0520CZS110,흥천이포IC-동곤지암IC,0520VDS01800,41,37,18,69,3,S
20251106,1539,0520,광주원주선,0520CZS110,흥천이포IC-동곤지암IC,0520VDS01900,37,35,18,113,3,S
20251106,1539,0550,중앙선,0550CZS020,초정IC-대저JC,0550VDS00100,17,18,22,183,3,S
20251106,1539,0550,중앙선,0550CZS020,초정IC-대저JC,0550VDS00170,17,18,22,84,3,S
20251106,1539,0550,중앙선,0550CZS040,대감JC-대동IC,0550VDS00400,41,17,35,430,3,S
20251106,1539,0552,대구부산선,0552CZS070,남밀양IC-삼랑진IC,0552VDS01070,22,16,39,193,3,S
20251106,1539,0600,서울양양선,0600CZS060,화도JC-화도IC,0600VDS00011,13,37,10,110,3,S
20251106,1539,1000,수도권제1순환선,1000CZE160,의정부IC-송추IC,1000VDE03628,85,38,22,45,3,E
20251106,1539,1000,수도권제1순환선,1000CZE170,송추IC-양주TG,1000VDE03647,77,37,27,51,3,E
20251106,1539,1000,수도권제1순환선,1000CZE230,김포IC-김포TG,1000VDE04000,94,23,40,9,3,E
20251106,1539,1000,수도권제1순환선,1000CZE230,김포IC-김포TG,1000VDE04090,94,23,40,128,3,E
20251106,1539,1000,수도권제1순환선,1000CZE280,중동IC-송내IC,1000VDE04800,32,33,12,219,3,E
20251106,1539,1000,수도권제1순환선,1000CZE390,청계TG-판교JC,1000VDE07100,55,39,10,118,3,E
20251106,1539,1000,수도권제1순환선,1000CZE390,청계TG-판교JC,1000VDE07200,55,39,10,118,3,E
20251106,1539,1000,수도권제1순환선,1000CZS170,양주TG-송추IC,1000VDS03642,86,40,20,75,2,S
20251106,1539,1000,수도권제1순환선,1000CZS170,양주TG-송추IC,1000VDS03646,87,37,20,68,3,S
20251106,1539,1000,수도권제1순환선,1000CZS170,양주TG-송추IC,1000VDS03647,88,37,22,50,3,S
20251106,1539,1000,수도권제1순환선,1000CZS300,시흥IC-장수IC,1000VDS05000,76,32,11,59,3,S
20251106,1539,1000,수도권제1순환선,1000CZS300,시흥IC-장수IC,1000VDS05050,76,32,11,20,3,S
20251106,1539,1000,수도권제1순환선,1000CZS300,시흥IC-장수IC,1000VDS05100,55,27,21,210,3,S
20251106,1539,1000,수도권제1순환선,1000CZS300,시흥IC-장수IC,1000VDS05200,55,27,21,191,3,S
20251106,1539,1000,수도권제1순환선,1000CZS390,판교JC-청계TG,1000VDS07300,81,25,30,112,3,S
20251106,1539,1000,수도권제1순환선,1000CZS390,판교JC-청계TG,1000VDS07400,81,25,30,196,3,S
20251106,1539,1000,수도권제1순환선,1000CZS390,판교JC-청계TG,1000VDS07500,81,25,30,253,3,S
20251106,1539,1100,제2경인선,1100CZE030,문학IC-남동IC,1100VDE00600,56,27,32,105,3,E
20251106,1539,1100,제2경인선,1100CZE030,문학IC-남동IC,1100VDE00700,56,27,32,92,3,E
20251106,1539,1100,제2경인선,1100CZE200,북청계IC-동판교IC,1100VDE04400,32,14,50,236,3,E
20251106,1539,1100,제2경인선,1100CZE200,북청계IC-동판교IC,1100VDE04500,47,14,38,89,3,E
20251106,1539,1100,제2경인선,1100CZE200,북청계IC-동판교IC,1100VDE04600,35,33,15,42,3,E
20251106,1539,1100,제2경인선,1100CZS090,일직JC-광명IC,1100VDS01802,58,31,0,102,3,S
20251106,1539,1100,제2경인선,1100CZS090,일직JC-광명IC,1100VDS01900,58,31,0,125,3,S
20251106,1539,1100,제2경인선,1100CZS090,일직JC-광명IC,1100VDS02000,68,17,34,262,3,S
20251106,1539,1710,용인서울선,1710CZE130,하산운터널남측-하산운터널북측,1710VDE00110,52,30,29,23,3,E
20251106,1539,1710,용인서울선,1710CZE130,하산운터널남측-하산운터널북측,1710VDE00120,47,29,28,54,3,E
20251106,1539,1710,용인서울선,1710CZE130,하산운터널남측-하산운터널북측,1710VDE00130,52,33,27,47,3,E
20251106,1539,1710,용인서울선,1710CZE130,하산운터널남측-하산운터널북측,1710VDE00140,53,34,20,62,3,E
20251106,1539,1730,익산평택지선,1730CZE020,포승IC-포승JC,1730VDE00400,25,32,14,219,3,E
20251106,1539,3010,상주영천선,3010CZS040,군위JCT-서군위IC,3010VDS03800,22,13,51,253,3,S
20251106,1539,3010,상주영천선,3010CZS040,군위JCT-서군위IC,3010VDS03900,22,13,51,275,3,S
20251106,1539,4001,인천김포선,4001CZE110,남청라JC-북청라IC,4001VDE01800,16,28,3,48,3,E
20251106,1539,4001,인천김포선,4001CZS100,남청라JC-시점,4001VDS00100,36,21,36,237,3,S

20251106,1739,0010,경부선,0010CZE350,청주IC-옥산IC,0010VDE24000,5,29,1,141,3,E
20251106,1739,0010,경부선,0010CZE385,북천안IC-안성IC,0010VDE27150,88,27,43,219,3,E
20251106,1739,0010,경부선,0010CZE385,북천안IC-안성IC,0010VDE27200,88,27,43,206,3,E
20251106,1739,0010,경부선,0010CZE385,북천안IC-안성IC,0010VDE27300,94,33,28,148,3,E
20251106,1739,0010,경부선,0010CZE385,북천안IC-안성IC,0010VDE27400,48,36,14,139,3,E
20251106,1739,0010,경부선,0010CZE460,신갈JC-서울TG,0010VDE30600,72,25,14,86,3,E
20251106,1739,0010,경부선,0010CZS460,서울TG-신갈JC,0010VDS30600,66,32,11,65,3,S
20251106,1739,0010,경부선,0010CZS460,서울TG-신갈JC,0010VDS30631,74,40,11,49,2,S
20251106,1739,0100,남해선(순천-부산),0100CZE285,북부산TG-대저JC,0100VDE13600,24,9,43,809,3,E
20251106,1739,0150,서해안선,0150CZE305,팔탄JC-비봉IC,0150VDE27400,40,17,29,162,3,E
20251106,1739,0150,서해안선,0150CZE380,일직JC-금천IC,0150VDE29410,27,15,33,147,3,E
20251106,1739,0153,평택시흥선,0153CZE020,조암IC-마도JC,0153VDE00110,14,9,51,594,3,E
20251106,1739,0153,평택시흥선,0153CZE020,조암IC-마도JC,0153VDE00140,23,14,43,242,3,E
20251106,1739,0153,평택시흥선,0153CZE020,조암IC-마도JC,0153VDE00150,29,19,7,229,3,E
20251106,1739,0153,평택시흥선,0153CZE025,마도JC-송산마도IC,0153VDE00160,26,12,8,217,3,E
20251106,1739,0153,평택시흥선,0153CZE025,마도JC-송산마도IC,0153VDE00170,35,24,37,142,3,E
20251106,1739,0153,평택시흥선,0153CZE025,마도JC-송산마도IC,0153VDE00180,39,27,4,180,3,E
20251106,1739,0153,평택시흥선,0153CZE030,송산마도IC-남안산JC,0153VDE00210,49,39,32,104,3,E
20251106,1739,0153,평택시흥선,0153CZE030,송산마도IC-남안산JC,0153VDE00220,37,31,4,138,3,E
20251106,1739,0153,평택시흥선,0153CZE030,송산마도IC-남안산JC,0153VDE00230,45,36,3,75,3,E
20251106,1739,0153,평택시흥선,0153CZE030,송산마도IC-남안산JC,0153VDE00240,45,36,3,82,3,E
20251106,1739,0170,평택화성선,0170CZE040,북평택TG-향남IC,0170VDE00007,22,8,48,445,3,E
20251106,1739,0170,평택화성선,0170CZE040,북평택TG-향남IC,0170VDE00008,22,8,48,404,3,E
20251106,1739,0170,평택화성선,0170CZE040,북평택TG-향남IC,0170VDE00010,61,29,25,123,3,E
20251106,1739,0170,평택화성선,0170CZE040,북평택TG-향남IC,0170VDE00011,61,29,25,123,3,E
20251106,1739,0170,평택화성선,0170CZE040,북평택TG-향남IC,0170VDE00012,38,31,21,110,3,E
20251106,1739,0170,평택화성선,0170CZE040,북평택TG-향남IC,0170VDE00013,34,15,31,304,3,E
20251106,1739,0170,평택화성선,0170CZE050,향남IC-서오산JC,0170VDE00014,52,22,27,121,3,E
20251106,1739,0170,평택화성선,0170CZE050,향남IC-서오산JC,0170VDE00016,49,40,13,93,2,E
20251106,1739,0170,평택화성선,0170CZE110,봉담IC-금곡IC,0170VDE00100,31,20,30,257,3,E
20251106,1739,0170,평택화성선,0170CZE120,금곡IC-동안산IC,0170VDE00110,38,20,41,104,3,E
20251106,1739,0170,평택화성선,0170CZE120,금곡IC-동안산IC,0170VDE00120,25,14,38,273,3,E
20251106,1739,0170,평택화성선,0170CZE130,동안산IC-남군포IC,0170VDE00130,36,22,53,98,3,E
20251106,1739,0170,평택화성선,0170CZE130,동안산IC-남군포IC,0170VDE00140,36,23,25,93,3,E
20251106,1739,0171,오산화성선,0171CZE010,서오산JC-서오산TG,0171VDE00100,61,40,17,127,2,E
20251106,1739,0252,논산천안선,0252CZE070,북공주JC-정안IC,0252VDE18830,32,35,38,83,3,E
20251106,1739,0252,논산천안선,0252CZE070,북공주JC-정안IC,0252VDE18840,42,35,25,82,3,E
20251106,1739,0252,논산천안선,0252CZE070,북공주JC-정안IC,0252VDE18850,36,30,38,139,3,E
20251106,1739,0252,논산천안선,0252CZE080,정안IC-남풍세IC,0252VDE18860,47,32,32,83,3,E
20251106,1739,0252,논산천안선,0252CZE080,정안IC-남풍세IC,0252VDE18880,41,32,32,110,3,E
20251106,1739,0252,논산천안선,0252CZE080,정안IC-남풍세IC,0252VDE18990,39,26,42,77,3,E
20251106,1739,0252,논산천안선,0252CZE080,정안IC-남풍세IC,0252VDE19000,35,26,47,93,3,E
20251106,1739,0252,논산천안선,0252CZE080,정안IC-남풍세IC,0252VDE19010,56,37,24,88,3,E
20251106,1739,0252,논산천안선,0252CZE080,정안IC-남풍세IC,0252VDE19020,45,34,32,100,3,E
20251106,1739,0252,논산천안선,0252CZE080,정안IC-남풍세IC,0252VDE19030,35,22,55,149,3,E
20251106,1739,0252,논산천안선,0252CZE080,정안IC-남풍세IC,0252VDE19040,45,33,29,119,3,E
20251106,1739,0290,세종포천선,0290CZE120,남구리IC-중랑IC,0290VDE00600,68,39,21,36,3,E
20251106,1739,0290,세종포천선,0290CZE120,남구리IC-중랑IC,0290VDE00700,67,37,22,38,3,E
20251106,1739,0290,세종포천선,0290CZE100,초이IC-강동고덕IC,0290VDE11800,23,38,6,54,3,E
20251106,1739,0290,세종포천선,0290CZE100,초이IC-강동고덕IC,0290VDE11900,23,38,6,73,3,E
20251106,1739,0290,세종포천선,0290CZE100,초이IC-강동고덕IC,0290VDE12100,42,30,9,92,3,E
20251106,1739,0290,세종포천선,0290CZE100,초이IC-강동고덕IC,0290VDE12200,32,30,8,100,3,E
20251106,1739,0352,중부선,0352CZE345,삼성Hi-일죽IC,0352VDE05900,24,16,13,189,3,E
20251106,1739,0352,중부선,0352CZE345,삼성Hi-일죽IC,0352VDE06000,24,16,13,166,3,E
20251106,1739,0352,중부선,0352CZE390,경기광주JC-경기광주IC,0352VDE09000,42,37,18,81,3,E
20251106,1739,0352,중부선,0352CZE390,경기광주JC-경기광주IC,0352VDE09100,30,20,30,142,3,E
20251106,1739,0352,중부선,0352CZS290,오창IC-서청주IC,0352VDS01100,41,38,31,106,3,S
20251106,1739,0352,중부선,0352CZS290,오창IC-서청주IC,0352VDS01200,41,38,31,97,3,S
20251106,1739,0352,중부선,0352CZS310,진천IC-증평IC,0352VDS02600,44,34,29,104,3,S
20251106,1739,0352,중부선,0352CZS310,진천IC-증평IC,0352VDS02700,44,34,29,104,3,S
20251106,1739,0352,중부선,0352CZS310,진천IC-증평IC,0352VDS02800,38,29,29,123,3,S
20251106,1739,0352,중부선,0352CZS310,진천IC-증평IC,0352VDS02900,53,36,35,94,3,S
20251106,1739,0352,중부선,0352CZS350,남이천IC-일죽IC,0352VDS06100,43,39,4,146,3,S
20251106,1739,0400,평택제천선,0400CZS075,북진천IC-남안성JC,0400VDS04300,37,33,33,124,3,S
20251106,1739,0400,평택제천선,0400CZS075,북진천IC-남안성JC,0400VDS04400,30,13,41,350,3,S
20251106,1739,0400,평택제천선,0400CZS075,북진천IC-남안성JC,0400VDS04500,30,13,41,485,3,S
20251106,1739,0400,평택제천선,0400CZS075,북진천IC-남안성JC,0400VDS04700,32,23,36,355,3,S
20251106,1739,0450,중부내륙선,0450CZE230,감곡IC-여주JC,0450VDE21200,26,37,15,110,3,E
20251106,1739,0450,중부내륙선,0450CZE230,감곡IC-여주JC,0450VDE21300,26,37,15,105,3,E
20251106,1739,0450,중부내륙선,0450CZE230,감곡IC-여주JC,0450VDE21400,32,31,34,97,3,E
20251106,1739,0450,중부내륙선,0450CZS170,문경새재IC-점촌함창IC,0450VDS15200,32,21,98,134,3,S
20251106,1739,0450,중부내륙선,0450CZS170,문경새재IC-점촌함창IC,0450VDS15300,32,21,98,184,3,S
20251106,1739,0500,영동선,0500CZE180,이천IC-여주JC,0500VDE07200,61,18,21,263,3,E
20251106,1739,0500,영동선,0500CZE180,이천IC-여주JC,0500VDE07300,61,18,21,189,3,E
20251106,1739,0500,영동선,0500CZS010,월곶JC-서창JC,0500VDS00100,57,22,32,197,3,S
20251106,1739,0500,영동선,0500CZS010,월곶JC-서창JC,0500VDS00200,57,22,32,167,3,S
20251106,1739,0500,영동선,0500CZS060,둔대JC-안산JC,0500VDS01600,63,35,0,71,3,S
20251106,1739,0500,영동선,0500CZS060,둔대JC-안산JC,0500VDS01651,63,35,0,66,3,S
20251106,1739,0500,영동선,0500CZS100,동수원IC-북수원IC,0500VDS03000,34,14,0,115,3,S
20251106,1739,0500,영동선,0500CZS100,동수원IC-북수원IC,0500VDS03100,34,14,0,265,3,S
20251106,1739,0500,영동선,0500CZS110,신갈JC-동수원IC,0500VDS03200,32,11,19,328,3,S
20251106,1739,0500,영동선,0500CZS110,신갈JC-동수원IC,0500VDS03300,40,26,0,122,3,S
20251106,1739,0500,영동선,0500CZS110,신갈JC-동수원IC,0500VDS03350,40,26,0,121,3,S
20251106,1739,0500,영동선,0500CZS150,덕평IC-양지IC,0500VDS05300,87,40,29,79,2,S
20251106,1739,0500,영동선,0500CZS150,덕평IC-양지IC,0500VDS05350,87,40,29,102,2,S
20251106,1739,0500,영동선,0500CZS150,덕평IC-양지IC,0500VDS05925,54,19,23,199,3,S
20251106,1739,0500,영동선,0500CZS160,호법JC-덕평IC,0500VDS05980,76,30,28,100,3,S
20251106,1739,0550,중앙선,0550CZS020,초정IC-대저JC,0550VDS00100,29,33,21,100,3,S
20251106,1739,0550,중앙선,0550CZS020,초정IC-대저JC,0550VDS00170,29,33,21,46,3,S
20251106,1739,0550,중앙선,0550CZS040,대감JC-대동IC,0550VDS00400,68,31,26,236,3,S
20251106,1739,0550,중앙선,0550CZS160,군위JC-가산IC,0550VDS02900,38,35,26,116,3,S
20251106,1739,0552,대구부산선,0552CZS110,동대구IC-수성IC,0552VDS01840,45,40,20,125,2,S
20251106,1739,0552,대구부산선,0552CZS110,동대구IC-수성IC,0552VDS01850,45,40,20,85,2,S
20251106,1739,0552,대구부산선,0552CZS110,동대구IC-수성IC,0552VDS01860,37,20,34,166,3,S
20251106,1739,0600,서울양양선,0600CZS020,미사IC-선동IC,0600VDS00001,21,32,14,107,3,S
20251106,1739,0651,부산울산선,0651CZS010,동부산IC-부산울산시점,0651VDS00100,34,18,32,278,3,S
20251106,1739,0651,부산울산선,0651CZS010,동부산IC-부산울산시점,0651VDS00200,45,25,27,211,3,S
20251106,1739,1000,수도권제1순환선,1000CZE020,성남IC-성남TG,1000VDE00500,77,32,42,26,3,E
20251106,1739,1000,수도권제1순환선,1000CZE040,송파IC-서하남IC,1000VDE01400,84,39,19,77,3,E
20251106,1739,1000,수도권제1순환선,1000CZE080,강일IC-토평IC,1000VDE02700,73,34,21,104,3,E
20251106,1739,1000,수도권제1순환선,1000CZE150,별내IC-의정부IC,1000VDE03603,81,29,28,131,3,E
20251106,1739,1000,수도권제1순환선,1000CZE150,별내IC-의정부IC,1000VDE03604,90,36,22,47,3,E
20251106,1739,1000,수도권제1순환선,1000CZE150,별내IC-의정부IC,1000VDE03610,81,26,29,67,3,E
20251106,1739,1000,수도권제1순환선,1000CZE150,별내IC-의정부IC,1000VDE03611,88,25,29,69,3,E
20251106,1739,1000,수도권제1순환선,1000CZE150,별내IC-의정부IC,1000VDE03612,78,27,31,65,3,E
20251106,1739,1000,수도권제1순환선,1000CZE150,별내IC-의정부IC,1000VDE03614,74,18,33,160,3,E
20251106,1739,1000,수도권제1순환선,1000CZE150,별내IC-의정부IC,1000VDE03616,76,23,28,149,3,E
20251106,1739,1000,수도권제1순환선,1000CZE150,별내IC-의정부IC,1000VDE03618,70,31,23,68,3,E
20251106,1739,1000,수도권제1순환선,1000CZE160,의정부IC-송추IC,1000VDE03620,75,27,30,110,3,E
20251106,1739,1000,수도권제1순환선,1000CZE160,의정부IC-송추IC,1000VDE03621,88,33,23,75,3,E
20251106,1739,1000,수도권제1순환선,1000CZE160,의정부IC-송추IC,1000VDE03622,75,29,25,53,3,E
20251106,1739,1000,수도권제1순환선,1000CZE160,의정부IC-송추IC,1000VDE03624,82,38,20,38,3,E
20251106,1739,1000,수도권제1순환선,1000CZE250,노오지JC-계양IC,1000VDE04400,35,15,40,216,3,E
20251106,1739,1000,수도권제1순환선,1000CZE250,노오지JC-계양IC,1000VDE04500,35,15,40,230,3,E
20251106,1739,1000,수도권제1순환선,1000CZE350,조남JC-산본IC,1000VDE06300,80,34,17,58,3,E
20251106,1739,1000,수도권제1순환선,1000CZE350,조남JC-산본IC,1000VDE06361,80,34,17,105,3,E
20251106,1739,1000,수도권제1순환선,1000CZE350,조남JC-산본IC,1000VDE06362,80,34,17,79,3,E
20251106,1739,1000,수도권제1순환선,1000CZE390,청계TG-판교JC,1000VDE07100,77,35,9,131,3,E
20251106,1739,1000,수도권제1순환선,1000CZE390,청계TG-판교JC,1000VDE07200,77,35,9,131,3,E
20251106,1739,1000,수도권제1순환선,1000CZS030,송파IC-성남TG,1000VDS00700,22,26,7,113,3,S
20251106,1739,1000,수도권제1순환선,1000CZS030,송파IC-성남TG,1000VDS00800,22,26,7,100,3,S
20251106,1739,1000,수도권제1순환선,1000CZS030,송파IC-성남TG,1000VDS01000,71,17,33,174,3,S
20251106,1739,1000,수도권제1순환선,1000CZS055,하남JC-서하남JC,1000VDS01851,36,28,25,31,3,S
20251106,1739,1000,수도권제1순환선,1000CZS055,하남JC-서하남JC,1000VDS01852,36,28,25,62,3,S
20251106,1739,1000,수도권제1순환선,1000CZS055,하남JC-서하남JC,1000VDS01900,36,28,25,100,3,S
20251106,1739,1000,수도권제1순환선,1000CZS055,하남JC-서하남JC,1000VDS02000,75,31,23,173,3,S
20251106,1739,1000,수도권제1순환선,1000CZS160,송추IC-의정부IC,1000VDS03628,94,39,18,40,3,S
20251106,1739,1000,수도권제1순환선,1000CZS160,송추IC-의정부IC,1000VDS03631,96,38,26,42,3,S
20251106,1739,1000,수도권제1순환선,1000CZS160,송추IC-의정부IC,1000VDS03633,88,36,20,75,3,S
20251106,1739,1000,수도권제1순환선,1000CZS170,양주TG-송추IC,1000VDS03644,82,26,32,124,3,S
20251106,1739,1000,수도권제1순환선,1000CZS180,통일로IC-양주TG,1000VDS03648,84,36,19,220,3,S
20251106,1739,1000,수도권제1순환선,1000CZS180,통일로IC-양주TG,1000VDS03649,84,36,19,95,3,S
20251106,1739,1000,수도권제1순환선,1000CZS300,시흥IC-장수IC,1000VDS05100,63,35,18,162,3,S
20251106,1739,1000,수도권제1순환선,1000CZS300,시흥IC-장수IC,1000VDS05200,63,35,18,148,3,S
20251106,1739,1000,수도권제1순환선,1000CZS330,도리JC-안현JC,1000VDS05800,56,19,13,128,3,S
20251106,1739,1000,수도권제1순환선,1000CZS350,산본IC-조남JC,1000VDS06354,81,25,36,129,3,S
20251106,1739,1000,수도권제1순환선,1000CZS350,산본IC-조남JC,1000VDS06355,81,25,36,80,3,S
20251106,1739,1000,수도권제1순환선,1000CZS390,판교JC-청계TG,1000VDS07300,89,28,26,100,3,S
20251106,1739,1000,수도권제1순환선,1000CZS390,판교JC-청계TG,1000VDS07400,89,28,26,175,3,S
20251106,1739,1000,수도권제1순환선,1000CZS390,판교JC-청계TG,1000VDS07500,89,28,26,226,3,S
20251106,1739,1040,남해2지선,1040CZE040,가락IC-서부산IC,1040VDE01100,37,20,28,208,3,E
20251106,1739,1040,남해2지선,1040CZE040,가락IC-서부산IC,1040VDE01200,37,20,28,241,3,E
20251106,1739,1100,제2경인선,1100CZE030,문학IC-남동IC,1100VDE00600,30,13,47,208,3,E
20251106,1739,1100,제2경인선,1100CZE030,문학IC-남동IC,1100VDE00700,30,13,47,182,3,E
20251106,1739,1100,제2경인선,1100CZS040,서창JC-남동IC,1100VDS00800,26,23,47,204,3,S
20251106,1739,1100,제2경인선,1100CZS040,서창JC-남동IC,1100VDS00900,26,23,47,148,3,S
20251106,1739,1100,제2경인선,1100CZS070,안현JC-신천IC,1100VDS01200,51,38,18,80,3,S
20251106,1739,1100,제2경인선,1100CZS070,안현JC-신천IC,1100VDS01300,51,38,18,130,3,S
20251106,1739,1100,제2경인선,1100CZS070,안현JC-신천IC,1100VDS01400,51,38,18,106,3,S
20251106,1739,1100,제2경인선,1100CZS090,일직JC-광명IC,1100VDS01700,63,34,30,50,3,S
20251106,1739,1200,경인선,1200CZE080,부천IC-신월IC,1200VDE02200,61,37,1,119,3,E
20251106,1739,1201,신월여의지하도로,1201CZS010,여의도JC-신월IC,1201VDS00010,35,36,7,179,3,S
20251106,1739,1201,신월여의지하도로,1201CZS010,여의도JC-신월IC,1201VDS00020,39,25,11,142,3,S
20251106,1739,1201,신월여의지하도로,1201CZS010,여의도JC-신월IC,1201VDS00030,35,23,25,152,3,S
20251106,1739,1201,신월여의지하도로,1201CZS010,여의도JC-신월IC,1201VDS00040,36,19,13,171,3,S
20251106,1739,1201,신월여의지하도로,1201CZS010,여의도JC-신월IC,1201VDS00060,21,7,45,579,3,S
20251106,1739,1201,신월여의지하도로,1201CZS020,신월여의지하도로종점-여의도JC,1201VDS00070,16,9,16,216,3,S
20251106,1739,1201,신월여의지하도로,1201CZS020,신월여의지하도로종점-여의도JC,1201VDS00080,16,9,16,205,3,S
20251106,1739,1710,용인서울선,1710CZE040,금광지하차도남측-금광지하차도북측,1710VDE00020,39,33,15,112,3,E
20251106,1739,1710,용인서울선,1710CZE050,금광지하차도북측-광교IC,1710VDE00030,47,19,30,111,3,E
20251106,1739,1710,용인서울선,1710CZE060,광교IC-서수지IC,1710VDE00040,52,18,29,217,3,E
20251106,1739,1710,용인서울선,1710CZS110,고기JC북측-고기JC남측,1710VDS00100,43,15,37,198,3,S
20251106,1739,1710,용인서울선,1710CZS130,하산운터널북측-하산운터널남측,1710VDS00110,56,23,26,82,3,S
20251106,1739,1710,용인서울선,1710CZS130,하산운터널북측-하산운터널남측,1710VDS00120,50,24,25,50,3,S
20251106,1739,1710,용인서울선,1710CZS130,하산운터널북측-하산운터널남측,1710VDS00130,53,20,29,77,3,S
20251106,1739,1710,용인서울선,1710CZS130,하산운터널북측-하산운터널남측,1710VDS00140,66,26,30,48,3,S
20251106,1739,1710,용인서울선,1710CZS160,운중터널남측-서판교IC북측,1710VDS00150,58,26,24,68,3,S
20251106,1739,2510,호남지선,2510CZE030,계룡IC-서대전JC,2510VDE02900,32,22,29,162,3,E
20251106,1739,2510,호남지선,2510CZE030,계룡IC-서대전JC,2510VDE03000,32,22,29,195,3,E
20251106,1739,2510,호남지선,2510CZE030,계룡IC-서대전JC,2510VDE03100,32,22,29,162,3,E
20251106,1739,3010,상주영천선,3010CZS040,군위JCT-서군위IC,3010VDS03900,35,40,24,91,2,S
20251106,1739,3010,상주영천선,3010CZS040,군위JCT-서군위IC,3010VDS04000,17,11,49,316,3,S
20251106,1739,3010,상주영천선,3010CZS040,군위JCT-서군위IC,3010VDS04100,16,13,44,274,3,S
20251106,1739,4000,봉담동탄선,4000CZE010,서오산JC-북오산IC,4000VDE00001,45,27,28,172,3,E
20251106,1739,4000,봉담동탄선,4000CZE010,서오산JC-북오산IC,4000VDE00002,38,29,22,137,3,E
20251106,1739,4000,봉담동탄선,4000CZE010,서오산JC-북오산IC,4000VDE00004,32,29,25,100,3,E
20251106,1739,4000,봉담동탄선,4000CZE010,서오산JC-북오산IC,4000VDE00005,33,24,33,107,3,E
20251106,1739,4000,봉담동탄선,4000CZS020,동탄JC-북오산IC,4000VDS00009,22,10,48,357,3,S
20251106,1739,4001,인천김포선,4001CZE110,남청라JC-북청라IC,4001VDE01800,13,33,2,42,3,E
20251106,1739,4001,인천김포선,4001CZS100,남청라JC-시점,4001VDS00100,22,18,54,273,3,S
20251106,1739,4001,인천김포선,4001CZS100,남청라JC-시점,4001VDS00200,31,17,34,264,3,S
20251106,1739,4001,인천김포선,4001CZS100,남청라JC-시점,4001VDS00300,28,20,26,148,3,S
20251106,1739,4001,인천김포선,4001CZS100,남청라JC-시점,4001VDS00400,33,26,25,53,3,S
20251106,1739,4001,인천김포선,4001CZS100,남청라JC-시점,4001VDS00700,40,40,17,35,2,S
20251106,1739,4001,인천김포선,4001CZS100,남청라JC-시점,4001VDS00800,41,36,23,39,3,S
20251106,1739,4001,인천김포선,4001CZS100,남청라JC-시점,4001VDS00900,36,28,25,51,3,S
20251106,1739,4001,인천김포선,4001CZS100,남청라JC-시점,4001VDS01000,35,21,29,66,3,S
20251106,1739,4001,인천김포선,4001CZS100,남청라JC-시점,4001VDS01100,31,19,34,69,3,S
20251106,1739,4001,인천김포선,4001CZS100,남청라JC-시점,4001VDS01200,26,15,39,88,3,S
20251106,1739,4001,인천김포선,4001CZS100,남청라JC-시점,4001VDS01300,31,14,41,100,3,S
20251106,1739,4001,인천김포선,4001CZS100,남청라JC-시점,4001VDS01400,27,11,46,123,3,S
20251106,1739,4004,화성광주선,4004CZS030,서용인JC-서용인IC,4004VDS01000,42,38,23,152,3,S
20251106,1739,4004,화성광주선,4004CZS040,포곡IC-서용인JC,4004VDS01100,29,18,43,250,3,S
20251106,1739,4004,화성광주선,4004CZS040,포곡IC-서용인JC,4004VDS01200,49,28,37,176,3,S
20251106,1739,6000,부산외곽선,6000CZE060,김해가야Hi-노포JC,6000VDE02200,41,31,24,96,3,E
20251106,1739,6000,부산외곽선,6000CZE060,김해가야Hi-노포JC,6000VDE02302,32,21,35,232,3,E
20251106,1739,6000,부산외곽선,6000CZE060,김해가야Hi-노포JC,6000VDE02402,44,32,23,114,3,E
20251106,1739,6000,부산외곽선,6000CZE060,김해가야Hi-노포JC,6000VDE02502,42,31,27,110,3,E

20251106,1829,0010,경부선,0010CZS010,영락IC-구서IC,0010VDS00100,50,35,31,184,3,S
20251106,1829,0010,경부선,0010CZS460,서울TG-신갈JC,0010VDS30702,95,39,10,77,3,S
20251106,1829,0100,남해선(순천-부산),0100CZE285,북부산TG-대저JC,0100VDE13600,29,10,49,770,3,E
20251106,1829,0150,서해안선,0150CZE305,팔탄JC-비봉IC,0150VDE27400,46,18,30,155,3,E
20251106,1829,0150,서해안선,0150CZE315,매송IC-팔곡JC,0150VDE28071,64,30,0,122,3,E
20251106,1829,0150,서해안선,0150CZE315,매송IC-팔곡JC,0150VDE28081,64,30,0,87,3,E
20251106,1829,0150,서해안선,0150CZE380,일직JC-금천IC,0150VDE29410,33,19,31,121,3,E
20251106,1829,0153,평택시흥선,0153CZE020,조암IC-마도JC,0153VDE00110,12,38,4,147,3,E
20251106,1829,0153,평택시흥선,0153CZE020,조암IC-마도JC,0153VDE00120,26,26,4,131,3,E
20251106,1829,0153,평택시흥선,0153CZE020,조암IC-마도JC,0153VDE00130,36,26,41,130,3,E
20251106,1829,0153,평택시흥선,0153CZE020,조암IC-마도JC,0153VDE00140,31,22,46,151,3,E
20251106,1829,0153,평택시흥선,0153CZE020,조암IC-마도JC,0153VDE00150,32,22,6,198,3,E
20251106,1829,0153,평택시흥선,0153CZE025,마도JC-송산마도IC,0153VDE00160,26,19,8,138,3,E
20251106,1829,0153,평택시흥선,0153CZE025,마도JC-송산마도IC,0153VDE00170,41,29,31,119,3,E
20251106,1829,0153,평택시흥선,0153CZE025,마도JC-송산마도IC,0153VDE00180,29,27,5,180,3,E
20251106,1829,0153,평택시흥선,0153CZE030,송산마도IC-남안산JC,0153VDE00210,36,25,46,160,3,E
20251106,1829,0153,평택시흥선,0153CZE030,송산마도IC-남안산JC,0153VDE00220,40,37,3,117,3,E
20251106,1829,0153,평택시흥선,0153CZE030,송산마도IC-남안산JC,0153VDE00230,39,33,2,83,3,E
20251106,1829,0153,평택시흥선,0153CZE030,송산마도IC-남안산JC,0153VDE00240,39,33,2,91,3,E
20251106,1829,0170,평택화성선,0170CZE040,북평택TG-향남IC,0170VDE00007,25,15,33,252,3,E
20251106,1829,0170,평택화성선,0170CZE040,북평택TG-향남IC,0170VDE00008,25,15,33,229,3,E
20251106,1829,0170,평택화성선,0170CZE040,북평택TG-향남IC,0170VDE00010,63,30,24,117,3,E
20251106,1829,0170,평택화성선,0170CZE040,북평택TG-향남IC,0170VDE00011,63,30,24,117,3,E
20251106,1829,0170,평택화성선,0170CZE040,북평택TG-향남IC,0170VDE00012,33,19,33,175,3,E
20251106,1829,0170,평택화성선,0170CZE040,북평택TG-향남IC,0170VDE00013,59,28,22,165,3,E
20251106,1829,0170,평택화성선,0170CZE050,향남IC-서오산JC,0170VDE00014,47,17,36,155,3,E
20251106,1829,0170,평택화성선,0170CZE050,향남IC-서오산JC,0170VDE00015,51,38,22,92,3,E
20251106,1829,0170,평택화성선,0170CZE075,화성JC-봉담TG,0170VDE00024,60,22,27,138,3,E
20251106,1829,0170,평택화성선,0170CZE075,화성JC-봉담TG,0170VDE00025,56,39,17,101,3,E
20251106,1829,0170,평택화성선,0170CZE120,금곡IC-동안산IC,0170VDE00110,32,17,48,120,3,E
20251106,1829,0170,평택화성선,0170CZE120,금곡IC-동안산IC,0170VDE00120,32,12,42,328,3,E
20251106,1829,0170,평택화성선,0170CZE130,동안산IC-남군포IC,0170VDE00130,40,28,55,77,3,E
20251106,1829,0170,평택화성선,0170CZE130,동안산IC-남군포IC,0170VDE00140,47,32,26,67,3,E
20251106,1829,0171,오산화성선,0171CZE010,서오산JC-서오산TG,0171VDE00200,53,35,18,528,3,E
20251106,1829,0173,서울문산지선,0173CZS010,봉대산JC-남고양IC,0173VDS00100,12,11,0,236,3,S
20251106,1829,0251,호남선,0251CZS140,동림IC-서광주IC,0251VDS07800,45,22,37,353,3,S
20251106,1829,0252,논산천안선,0252CZE070,북공주JC-정안IC,0252VDE18850,33,32,29,129,3,E
20251106,1829,0252,논산천안선,0252CZE080,정안IC-남풍세IC,0252VDE18860,44,28,38,94,3,E
20251106,1829,0252,논산천안선,0252CZE080,정안IC-남풍세IC,0252VDE18870,40,32,32,107,3,E
20251106,1829,0252,논산천안선,0252CZE080,정안IC-남풍세IC,0252VDE18880,42,24,45,149,3,E
20251106,1829,0252,논산천안선,0252CZE080,정안IC-남풍세IC,0252VDE19020,37,31,33,108,3,E
20251106,1829,0252,논산천안선,0252CZE080,정안IC-남풍세IC,0252VDE19030,34,39,27,87,3,E
20251106,1829,0252,논산천안선,0252CZE080,정안IC-남풍세IC,0252VDE19040,34,32,33,121,3,E
20251106,1829,0290,세종포천선,0290CZE070,오포IC-광남IC,0290VDE09600,50,28,11,116,3,E
20251106,1829,0290,세종포천선,0290CZS010,안성맞춤IC-남안성JC,0290VDS06900,14,33,3,120,3,S
20251106,1829,0352,중부선,0352CZE350,일죽IC-남이천IC,0352VDE06550,16,16,23,471,3,E
20251106,1829,0352,중부선,0352CZE355,남이천IC-호법JC,0352VDE06600,39,25,7,118,3,E
20251106,1829,0352,중부선,0352CZE390,경기광주JC-경기광주IC,0352VDE09200,36,23,31,194,3,E
20251106,1829,0352,중부선,0352CZE400,경기광주IC-산곡JC,0352VDE09300,40,29,23,185,3,E
20251106,1829,0352,중부선,0352CZE400,경기광주IC-산곡JC,0352VDE09400,40,29,23,127,3,E
20251106,1829,0352,중부선,0352CZS290,오창IC-서청주IC,0352VDS01100,43,39,49,103,3,S
20251106,1829,0352,중부선,0352CZS290,오창IC-서청주IC,0352VDS01200,43,39,49,94,3,S
20251106,1829,0352,중부선,0352CZS290,오창IC-서청주IC,0352VDS01300,40,34,41,117,3,S
20251106,1829,0352,중부선,0352CZS310,진천IC-증평IC,0352VDS02800,42,40,37,87,2,S
20251106,1829,0400,평택제천선,0400CZS075,북진천IC-남안성JC,0400VDS04400,37,31,25,148,3,S
20251106,1829,0400,평택제천선,0400CZS075,북진천IC-남안성JC,0400VDS04500,37,31,25,205,3,S
20251106,1829,0400,평택제천선,0400CZS075,북진천IC-남안성JC,0400VDS04700,23,17,69,478,3,S
20251106,1829,0450,중부내륙선,0450CZS170,문경새재IC-점촌함창IC,0450VDS15200,17,35,84,81,3,S
20251106,1829,0450,중부내륙선,0450CZS170,문경새재IC-점촌함창IC,0450VDS15300,17,35,84,111,3,S
20251106,1829,0500,영동선,0500CZS100,동수원IC-북수원IC,0500VDS03000,50,27,0,62,3,S
20251106,1829,0500,영동선,0500CZS100,동수원IC-북수원IC,0500VDS03100,50,27,0,143,3,S
20251106,1829,0500,영동선,0500CZS110,신갈JC-동수원IC,0500VDS03200,27,13,17,272,3,S
20251106,1829,0500,영동선,0500CZS110,신갈JC-동수원IC,0500VDS03300,34,11,0,283,3,S
20251106,1829,0500,영동선,0500CZS110,신갈JC-동수원IC,0500VDS03350,34,11,0,280,3,S
20251106,1829,0500,영동선,0500CZS120,마성IC-신갈JC,0500VDS03580,62,22,26,158,3,S
20251106,1829,0500,영동선,0500CZS120,마성IC-신갈JC,0500VDS03650,62,22,26,158,3,S
20251106,1829,0500,영동선,0500CZS150,덕평IC-양지IC,0500VDS05300,87,40,28,79,2,S
20251106,1829,0500,영동선,0500CZS150,덕평IC-양지IC,0500VDS05350,87,40,28,102,2,S
20251106,1829,0550,중앙선,0550CZS020,초정IC-대저JC,0550VDS00100,36,22,37,147,3,S
20251106,1829,0550,중앙선,0550CZS020,초정IC-대저JC,0550VDS00170,36,22,37,68,3,S
20251106,1829,0552,대구부산선,0552CZS110,동대구IC-수성IC,0552VDS01840,34,30,30,163,3,S
20251106,1829,0552,대구부산선,0552CZS110,동대구IC-수성IC,0552VDS01850,34,30,30,112,3,S
20251106,1829,0552,대구부산선,0552CZS110,동대구IC-수성IC,0552VDS01860,30,17,41,189,3,S
20251106,1829,0552,대구부산선,0552CZS120,동대구JC-동대구IC,0552VDS01870,32,25,36,80,3,S
20251106,1829,0600,서울양양선,0600CZS020,미사IC-선동IC,0600VDS00001,69,31,39,108,3,S
20251106,1829,1000,수도권제1순환선,1000CZE040,송파IC-서하남IC,1000VDE01500,105,40,26,62,2,E
20251106,1829,1000,수도권제1순환선,1000CZE040,송파IC-서하남IC,1000VDE01600,105,40,26,90,2,E
20251106,1829,1000,수도권제1순환선,1000CZE080,강일IC-토평IC,1000VDE02700,76,25,25,140,3,E
20251106,1829,1000,수도권제1순환선,1000CZE130,퇴계원IC-별내IC,1000VDE03602,73,30,23,134,3,E
20251106,1829,1000,수도권제1순환선,1000CZE150,별내IC-의정부IC,1000VDE03603,81,25,29,153,3,E
20251106,1829,1000,수도권제1순환선,1000CZE150,별내IC-의정부IC,1000VDE03604,94,33,23,51,3,E
20251106,1829,1000,수도권제1순환선,1000CZE150,별내IC-의정부IC,1000VDE03606,76,34,20,89,3,E
20251106,1829,1000,수도권제1순환선,1000CZE150,별내IC-의정부IC,1000VDE03612,92,38,24,47,3,E
20251106,1829,1000,수도권제1순환선,1000CZE150,별내IC-의정부IC,1000VDE03614,87,30,23,93,3,E
20251106,1829,1000,수도권제1순환선,1000CZE150,별내IC-의정부IC,1000VDE03616,95,40,20,85,2,E
20251106,1829,1000,수도권제1순환선,1000CZE160,의정부IC-송추IC,1000VDE03622,77,40,20,38,2,E
20251106,1829,1000,수도권제1순환선,1000CZE250,노오지JC-계양IC,1000VDE04400,64,21,35,157,3,E
20251106,1829,1000,수도권제1순환선,1000CZE250,노오지JC-계양IC,1000VDE04500,64,21,35,166,3,E
20251106,1829,1000,수도권제1순환선,1000CZE350,조남JC-산본IC,1000VDE06300,88,39,18,50,3,E
20251106,1829,1000,수도권제1순환선,1000CZE350,조남JC-산본IC,1000VDE06361,88,39,18,91,3,E
20251106,1829,1000,수도권제1순환선,1000CZE350,조남JC-산본IC,1000VDE06362,88,39,18,68,3,E
20251106,1829,1000,수도권제1순환선,1000CZS010,성남IC-판교JC,1000VDS00100,57,39,2,77,3,S
20251106,1829,1000,수도권제1순환선,1000CZS010,성남IC-판교JC,1000VDS00200,57,39,2,107,3,S
20251106,1829,1000,수도권제1순환선,1000CZS010,성남IC-판교JC,1000VDS00290,58,19,36,81,3,S
20251106,1829,1000,수도권제1순환선,1000CZS055,하남JC-서하남JC,1000VDS01851,44,37,19,24,3,S
20251106,1829,1000,수도권제1순환선,1000CZS055,하남JC-서하남JC,1000VDS01852,44,37,19,48,3,S
20251106,1829,1000,수도권제1순환선,1000CZS055,하남JC-서하남JC,1000VDS01900,44,37,19,77,3,S
20251106,1829,1000,수도권제1순환선,1000CZS160,송추IC-의정부IC,1000VDS03625,89,34,25,47,3,S
20251106,1829,1000,수도권제1순환선,1000CZS160,송추IC-의정부IC,1000VDS03627,80,33,24,48,3,S
20251106,1829,1000,수도권제1순환선,1000CZS160,송추IC-의정부IC,1000VDS03633,92,26,29,104,3,S
20251106,1829,1000,수도권제1순환선,1000CZS170,양주TG-송추IC,1000VDS03634,86,37,21,159,3,S
20251106,1829,1000,수도권제1순환선,1000CZS170,양주TG-송추IC,1000VDS03647,79,24,28,77,3,S
20251106,1829,1000,수도권제1순환선,1000CZS300,시흥IC-장수IC,1000VDS05100,52,16,30,346,3,S
20251106,1829,1000,수도권제1순환선,1000CZS300,시흥IC-장수IC,1000VDS05200,52,16,30,316,3,S
20251106,1829,1000,수도권제1순환선,1000CZS320,안현JC-시흥TG,1000VDS05300,46,15,47,430,3,S
20251106,1829,1000,수도권제1순환선,1000CZS350,산본IC-조남JC,1000VDS06354,99,36,28,89,3,S
20251106,1829,1000,수도권제1순환선,1000CZS350,산본IC-조남JC,1000VDS06355,99,36,28,55,3,S
20251106,1829,1000,수도권제1순환선,1000CZS390,판교JC-청계TG,1000VDS07300,96,35,22,81,3,S
20251106,1829,1000,수도권제1순환선,1000CZS390,판교JC-청계TG,1000VDS07400,96,35,22,143,3,S
20251106,1829,1000,수도권제1순환선,1000CZS390,판교JC-청계TG,1000VDS07500,96,35,22,184,3,S
20251106,1829,1040,남해2지선,1040CZE040,가락IC-서부산IC,1040VDE01100,51,20,37,215,3,E
20251106,1829,1040,남해2지선,1040CZE040,가락IC-서부산IC,1040VDE01200,51,20,37,249,3,E
20251106,1829,1100,제2경인선,1100CZE040,남동IC-서창JC,1100VDE00800,64,37,24,131,3,E
20251106,1829,1100,제2경인선,1100CZE040,남동IC-서창JC,1100VDE00900,64,37,24,95,3,E
20251106,1829,1100,제2경인선,1100CZS040,서창JC-남동IC,1100VDS00800,43,19,30,253,3,S
20251106,1829,1100,제2경인선,1100CZS040,서창JC-남동IC,1100VDS00900,43,19,30,184,3,S
20251106,1829,1100,제2경인선,1100CZS070,안현JC-신천IC,1100VDS01200,37,33,17,91,3,S
20251106,1829,1100,제2경인선,1100CZS070,안현JC-신천IC,1100VDS01300,37,33,17,148,3,S
20251106,1829,1100,제2경인선,1100CZS070,안현JC-신천IC,1100VDS01400,37,33,17,121,3,S
20251106,1829,1100,제2경인선,1100CZS090,일직JC-광명IC,1100VDS01700,72,40,18,42,2,S
20251106,1829,1100,제2경인선,1100CZS210,여수고가교-동판교IC,1100VDS05300,17,30,54,110,3,S
20251106,1829,1100,제2경인선,1100CZS210,여수고가교-동판교IC,1100VDS05400,17,30,54,220,3,S
20251106,1829,1201,신월여의지하도로,1201CZS010,여의도JC-신월IC,1201VDS00020,21,6,21,537,3,S
20251106,1829,1201,신월여의지하도로,1201CZS010,여의도JC-신월IC,1201VDS00030,19,7,41,501,3,S
20251106,1829,1201,신월여의지하도로,1201CZS010,여의도JC-신월IC,1201VDS00040,24,10,19,338,3,S
20251106,1829,1201,신월여의지하도로,1201CZS010,여의도JC-신월IC,1201VDS00050,23,7,20,502,3,S
20251106,1829,1201,신월여의지하도로,1201CZS010,여의도JC-신월IC,1201VDS00060,30,10,45,399,3,S
20251106,1829,1201,신월여의지하도로,1201CZS020,신월여의지하도로종점-여의도JC,1201VDS00070,17,6,30,323,3,S
20251106,1829,1201,신월여의지하도로,1201CZS020,신월여의지하도로종점-여의도JC,1201VDS00080,17,6,30,306,3,S
20251106,1829,1201,신월여의지하도로,1201CZS020,신월여의지하도로종점-여의도JC,1201VDS00090,34,11,40,196,3,S
20251106,1829,1300,인천공항선,1300CZE030,공항입구IC-북인천IC,1300VDE00100,87,36,25,166,3,E
20251106,1829,1710,용인서울선,1710CZE040,금광지하차도남측-금광지하차도북측,1710VDE00020,45,17,27,220,3,E
20251106,1829,1710,용인서울선,1710CZE050,금광지하차도북측-광교IC,1710VDE00030,48,16,30,132,3,E
20251106,1829,1710,용인서울선,1710CZE060,광교IC-서수지IC,1710VDE00040,49,14,36,265,3,E
20251106,1829,1710,용인서울선,1710CZS090,고기터널북측-고기터널남측,1710VDS00090,72,33,24,63,3,S
20251106,1829,1710,용인서울선,1710CZS110,고기JC북측-고기JC남측,1710VDS00100,48,16,30,182,3,S
20251106,1829,1710,용인서울선,1710CZS130,하산운터널북측-하산운터널남측,1710VDS00110,56,27,22,71,3,S
20251106,1829,1710,용인서울선,1710CZS130,하산운터널북측-하산운터널남측,1710VDS00120,50,21,25,58,3,S
20251106,1829,1710,용인서울선,1710CZS130,하산운터널북측-하산운터널남측,1710VDS00130,54,19,30,84,3,S
20251106,1829,1710,용인서울선,1710CZS130,하산운터널북측-하산운터널남측,1710VDS00140,47,14,34,86,3,S
20251106,1829,1710,용인서울선,1710CZS160,운중터널남측-서판교IC북측,1710VDS00150,56,20,28,86,3,S
20251106,1829,1710,용인서울선,1710CZS180,금토TG-운중터널북측,1710VDS00160,44,11,41,337,3,S
20251106,1829,2510,호남지선,2510CZE030,계룡IC-서대전JC,2510VDE02900,31,28,22,127,3,E
20251106,1829,2510,호남지선,2510CZE030,계룡IC-서대전JC,2510VDE03000,31,28,22,153,3,E
20251106,1829,2510,호남지선,2510CZE030,계룡IC-서대전JC,2510VDE03100,31,28,22,127,3,E
20251106,1829,2510,호남지선,2510CZS040,유성IC-서대전JC,2510VDS03600,43,30,37,99,3,S
20251106,1829,2510,호남지선,2510CZS040,유성IC-서대전JC,2510VDS03700,25,24,17,139,3,S
20251106,1829,2510,호남지선,2510CZS040,유성IC-서대전JC,2510VDS03800,41,13,48,289,3,S
20251106,1829,2510,호남지선,2510CZS040,유성IC-서대전JC,2510VDS03900,41,13,48,250,3,S
20251106,1829,2510,호남지선,2510CZS050,유성JC-유성IC,2510VDS04600,44,28,50,144,3,S
20251106,1829,2510,호남지선,2510CZS060,북대전IC-유성JC,2510VDS05100,52,36,36,94,3,S
20251106,1829,2510,호남지선,2510CZS070,회덕JC-북대전IC,2510VDS05300,49,31,42,141,3,S
20251106,1829,2510,호남지선,2510CZS070,회덕JC-북대전IC,2510VDS05400,49,31,42,158,3,S
20251106,1829,2510,호남지선,2510CZS050,유성JC-유성IC,2510VDS05601,49,38,31,42,3,S
20251106,1829,3000,대전남부선,3000CZE010,서대전JC-서대전IC,3000VDE00100,11,33,12,116,3,E
20251106,1829,4000,봉담동탄선,4000CZE010,서오산JC-북오산IC,4000VDE00001,49,35,30,132,3,E
20251106,1829,4000,봉담동탄선,4000CZS020,동탄JC-북오산IC,4000VDS00009,22,8,29,414,3,S
20251106,1829,4001,인천김포선,4001CZE110,남청라JC-북청라IC,4001VDE01800,13,31,2,44,3,E
20251106,1829,4001,인천김포선,4001CZS100,남청라JC-시점,4001VDS00100,38,30,23,165,3,S
20251106,1829,4001,인천김포선,4001CZS100,남청라JC-시점,4001VDS00200,35,20,27,221,3,S
20251106,1829,4001,인천김포선,4001CZS100,남청라JC-시점,4001VDS00300,37,32,22,93,3,S
20251106,1829,4001,인천김포선,4001CZS100,남청라JC-시점,4001VDS00400,31,29,22,48,3,S
20251106,1829,4001,인천김포선,4001CZS100,남청라JC-시점,4001VDS00500,32,24,28,59,3,S
20251106,1829,4001,인천김포선,4001CZS100,남청라JC-시점,4001VDS00600,32,24,28,59,3,S
20251106,1829,4001,인천김포선,4001CZS100,남청라JC-시점,4001VDS00800,35,35,18,40,3,S
20251106,1829,4001,인천김포선,4001CZS100,남청라JC-시점,4001VDS00900,37,23,28,61,3,S
20251106,1829,4001,인천김포선,4001CZS100,남청라JC-시점,4001VDS01000,33,16,42,82,3,S
20251106,1829,4001,인천김포선,4001CZS100,남청라JC-시점,4001VDS01100,28,15,34,87,3,S
20251106,1829,4001,인천김포선,4001CZS100,남청라JC-시점,4001VDS01200,29,13,38,98,3,S
20251106,1829,4001,인천김포선,4001CZS110,북청라IC-남청라JC,4001VDS01800,48,28,28,50,3,S
20251106,1829,4004,화성광주선,4004CZS020,서용인IC-동탄IC,4004VDS00500,41,31,23,55,3,S
20251106,1829,4004,화성광주선,4004CZS020,서용인IC-동탄IC,4004VDS00600,36,19,36,83,3,S
20251106,1829,4004,화성광주선,4004CZS020,서용인IC-동탄IC,4004VDS00700,40,21,31,181,3,S
20251106,1829,4004,화성광주선,4004CZS030,서용인JC-서용인IC,4004VDS01000,36,26,29,216,3,S
20251106,1829,4004,화성광주선,4004CZS040,포곡IC-서용인JC,4004VDS01100,34,19,42,233,3,S
20251106,1829,6000,부산외곽선,6000CZE060,김해가야Hi-노포JC,6000VDE02200,37,26,27,112,3,E
20251106,1829,6000,부산외곽선,6000CZE060,김해가야Hi-노포JC,6000VDE02302,44,32,24,152,3,E

20251106,2019,0153,평택시흥선,0153CZE030,송산마도IC-남안산JC,0153VDE00220,36,32,4,138,3,E
20251106,2019,0153,평택시흥선,0153CZE030,송산마도IC-남안산JC,0153VDE00230,27,24,5,114,3,E
20251106,2019,0153,평택시흥선,0153CZE030,송산마도IC-남안산JC,0153VDE00240,27,24,5,125,3,E
20251106,2019,0300,청주영덕선,0300CZS150,보은IC-회인IC,0300VDS02100,15,6,43,1141,3,S
20251106,2019,0300,청주영덕선,0300CZS150,보은IC-회인IC,0300VDS02300,15,6,43,1223,3,S
20251106,2019,0300,청주영덕선,0300CZS150,보은IC-회인IC,0300VDS02500,15,6,43,842,3,S
20251106,2019,0450,중부내륙선,0450CZE200,괴산IC-충주IC,0450VDE17700,18,6,46,743,3,E
20251106,2019,0450,중부내륙선,0450CZE200,괴산IC-충주IC,0450VDE17800,16,9,41,539,3,E
20251106,2019,0500,영동선,0500CZS110,신갈JC-동수원IC,0500VDS03300,33,15,0,213,3,S
20251106,2019,0500,영동선,0500CZS110,신갈JC-동수원IC,0500VDS03350,33,15,0,211,3,S
20251106,2019,1000,수도권제1순환선,1000CZS300,시흥IC-장수IC,1000VDS05000,66,22,14,85,3,S
20251106,2019,1000,수도권제1순환선,1000CZS300,시흥IC-장수IC,1000VDS05050,66,22,14,29,3,S
20251106,2019,4001,인천김포선,4001CZE110,남청라JC-북청라IC,4001VDE01800,8,31,1,44,3,E

20251106,2235,0010,경부선,0010CZS357,목천IC-옥산JC,0010VDS25200,16,17,15,301,3,S
20251106,2235,0010,경부선,0010CZS357,목천IC-옥산JC,0010VDS25300,16,17,15,397,3,S
20251106,2235,0450,중부내륙선,0450CZE200,괴산IC-충주IC,0450VDE17700,20,8,53,600,3,E

20251106,2325,0010,경부선,0010CZE350,청주IC-옥산IC,0010VDE24000,2,38,0,106,3,E
20251106,2325,0352,중부선,0352CZS330,대소IC-대소JC,0352VDS04800,13,20,4,122,3,S
20251106,2325,1000,수도권제1순환선,1000CZS280,송내IC-중동IC,1000VDS04800,44,34,20,208,3,S
